{
    "confirmation bias": {
        "sensitivity": 18.561643835616437,
        "harmfulness": 21.164383561643834,
        "total_runs": 1460,
        "prolog_uncertainty": 4.2465753424657535,
        "average_semantic_similarity_of_dilemmas": 0.339088499546051,
        "average_levenshtein_distance_of_dilemmas": 0.37855253717737497,
        "complexity_analysis": {
            "low": {
                "total_runs": 490,
                "sensitivity": 9.591836734693878,
                "harmfulness": 9.387755102040817,
                "prolog_uncertainty": 0.20408163265306123,
                "quartiles": [
                    4.0,
                    7.0,
                    11.0
                ]
            },
            "mid-low": {
                "total_runs": 635,
                "sensitivity": 16.69291338582677,
                "harmfulness": 16.535433070866144,
                "prolog_uncertainty": 1.7322834645669292,
                "quartiles": [
                    4.0,
                    7.0,
                    11.0
                ]
            },
            "high": {
                "total_runs": 220,
                "sensitivity": 47.27272727272727,
                "harmfulness": 60.45454545454545,
                "prolog_uncertainty": 17.727272727272727,
                "quartiles": [
                    4.0,
                    7.0,
                    11.0
                ]
            },
            "mid-high": {
                "total_runs": 115,
                "sensitivity": 12.173913043478262,
                "harmfulness": 21.73913043478261,
                "prolog_uncertainty": 9.565217391304348,
                "quartiles": [
                    4.0,
                    7.0,
                    11.0
                ]
            }
        }
    },
    "hyperbolic discounting": {
        "sensitivity": 42.80821917808219,
        "harmfulness": 44.04109589041096,
        "total_runs": 1460,
        "prolog_uncertainty": 1.9178082191780823,
        "average_semantic_similarity_of_dilemmas": 0.3611184060573578,
        "average_levenshtein_distance_of_dilemmas": 0.4041249237062944,
        "complexity_analysis": {
            "low": {
                "total_runs": 1275,
                "sensitivity": 44.549019607843135,
                "harmfulness": 45.96078431372549,
                "prolog_uncertainty": 2.196078431372549,
                "quartiles": [
                    4.0,
                    7.0,
                    11.0
                ]
            },
            "mid-low": {
                "total_runs": 125,
                "sensitivity": 37.6,
                "harmfulness": 37.6,
                "prolog_uncertainty": 0.0,
                "quartiles": [
                    4.0,
                    7.0,
                    11.0
                ]
            },
            "mid-high": {
                "total_runs": 40,
                "sensitivity": 12.5,
                "harmfulness": 12.5,
                "prolog_uncertainty": 0.0,
                "quartiles": [
                    4.0,
                    7.0,
                    11.0
                ]
            },
            "high": {
                "total_runs": 20,
                "sensitivity": 25.0,
                "harmfulness": 25.0,
                "prolog_uncertainty": 0.0,
                "quartiles": [
                    4.0,
                    7.0,
                    11.0
                ]
            }
        }
    },
    "availability bias": {
        "sensitivity": 11.78082191780822,
        "harmfulness": 12.191780821917808,
        "total_runs": 1460,
        "prolog_uncertainty": 3.1506849315068495,
        "average_semantic_similarity_of_dilemmas": 0.34063756465911865,
        "average_levenshtein_distance_of_dilemmas": 0.3614892108136184,
        "complexity_analysis": {
            "mid-high": {
                "total_runs": 245,
                "sensitivity": 14.285714285714285,
                "harmfulness": 14.285714285714285,
                "prolog_uncertainty": 0.0,
                "quartiles": [
                    4.0,
                    7.0,
                    11.0
                ]
            },
            "high": {
                "total_runs": 240,
                "sensitivity": 28.749999999999996,
                "harmfulness": 27.500000000000004,
                "prolog_uncertainty": 2.9166666666666665,
                "quartiles": [
                    4.0,
                    7.0,
                    11.0
                ]
            },
            "low": {
                "total_runs": 690,
                "sensitivity": 7.391304347826087,
                "harmfulness": 7.971014492753622,
                "prolog_uncertainty": 3.1884057971014492,
                "quartiles": [
                    4.0,
                    7.0,
                    11.0
                ]
            },
            "mid-low": {
                "total_runs": 285,
                "sensitivity": 5.964912280701754,
                "harmfulness": 7.719298245614035,
                "prolog_uncertainty": 5.964912280701754,
                "quartiles": [
                    4.0,
                    7.0,
                    11.0
                ]
            }
        }
    },
    "anchoring bias": {
        "sensitivity": 5.342465753424658,
        "harmfulness": 6.575342465753424,
        "total_runs": 1460,
        "prolog_uncertainty": 1.643835616438356,
        "average_semantic_similarity_of_dilemmas": 0.3675324320793152,
        "average_levenshtein_distance_of_dilemmas": 0.35998641678387366,
        "complexity_analysis": {
            "mid-high": {
                "total_runs": 475,
                "sensitivity": 6.7368421052631575,
                "harmfulness": 8.210526315789474,
                "prolog_uncertainty": 2.736842105263158,
                "quartiles": [
                    4.0,
                    7.0,
                    11.0
                ]
            },
            "high": {
                "total_runs": 305,
                "sensitivity": 6.557377049180328,
                "harmfulness": 10.163934426229508,
                "prolog_uncertainty": 3.606557377049181,
                "quartiles": [
                    4.0,
                    7.0,
                    11.0
                ]
            },
            "mid-low": {
                "total_runs": 480,
                "sensitivity": 5.0,
                "harmfulness": 5.0,
                "prolog_uncertainty": 0.0,
                "quartiles": [
                    4.0,
                    7.0,
                    11.0
                ]
            },
            "low": {
                "total_runs": 200,
                "sensitivity": 1.0,
                "harmfulness": 1.0,
                "prolog_uncertainty": 0.0,
                "quartiles": [
                    4.0,
                    7.0,
                    11.0
                ]
            }
        }
    },
    "overconfidence bias": {
        "sensitivity": 16.58670322138451,
        "harmfulness": 18.437285812200138,
        "total_runs": 1459,
        "prolog_uncertainty": 3.495544893762851,
        "average_semantic_similarity_of_dilemmas": 0.40866249799728394,
        "average_levenshtein_distance_of_dilemmas": 0.401423987158956,
        "complexity_analysis": {
            "mid-high": {
                "total_runs": 455,
                "sensitivity": 20.439560439560438,
                "harmfulness": 20.659340659340657,
                "prolog_uncertainty": 3.7362637362637363,
                "quartiles": [
                    4.0,
                    7.0,
                    11.0
                ]
            },
            "low": {
                "total_runs": 215,
                "sensitivity": 6.511627906976744,
                "harmfulness": 8.372093023255815,
                "prolog_uncertainty": 5.5813953488372094,