{
    "confirmation bias": {
        "sensitivity": 13.356164383561644,
        "harmfulness": 16.91780821917808,
        "total_runs": 1460,
        "prolog_uncertainty": 6.575342465753424,
        "average_semantic_similarity_of_dilemmas": 0.339088499546051,
        "average_levenshtein_distance_of_dilemmas": 0.37855253717737497,
        "complexity_analysis": {
            "low": {
                "total_runs": 490,
                "sensitivity": 9.591836734693878,
                "harmfulness": 8.571428571428571,
                "prolog_uncertainty": 1.0204081632653061,
                "quartiles": [
                    4.0,
                    7.0,
                    11.0
                ]
            },
            "mid-low": {
                "total_runs": 635,
                "sensitivity": 8.818897637795276,
                "harmfulness": 9.448818897637794,
                "prolog_uncertainty": 3.149606299212598,
                "quartiles": [
                    4.0,
                    7.0,
                    11.0
                ]
            },
            "high": {
                "total_runs": 220,
                "sensitivity": 39.54545454545455,
                "harmfulness": 65.45454545454545,
                "prolog_uncertainty": 30.454545454545457,
                "quartiles": [
                    4.0,
                    7.0,
                    11.0
                ]
            },
            "mid-high": {
                "total_runs": 115,
                "sensitivity": 4.3478260869565215,
                "harmfulness": 0.8695652173913043,
                "prolog_uncertainty": 3.4782608695652173,
                "quartiles": [
                    4.0,
                    7.0,
                    11.0
                ]
            }
        }
    },
    "hyperbolic discounting": {
        "sensitivity": 22.481151473612062,
        "harmfulness": 22.412611377655928,
        "total_runs": 1459,
        "prolog_uncertainty": 1.8505825908156273,
        "average_semantic_similarity_of_dilemmas": 0.3611184060573578,
        "average_levenshtein_distance_of_dilemmas": 0.4041249237062944,
        "complexity_analysis": {
            "low": {
                "total_runs": 1274,
                "sensitivity": 23.626373626373624,
                "harmfulness": 23.626373626373624,
                "prolog_uncertainty": 1.5698587127158554,
                "quartiles": [
                    4.0,
                    7.0,
                    11.0
                ]
            },
            "mid-low": {
                "total_runs": 125,
                "sensitivity": 19.2,
                "harmfulness": 17.599999999999998,
                "prolog_uncertainty": 1.6,
                "quartiles": [
                    4.0,
                    7.0,
                    11.0
                ]
            },
            "mid-high": {
                "total_runs": 40,
                "sensitivity": 7.5,
                "harmfulness": 10.0,
                "prolog_uncertainty": 12.5,
                "quartiles": [
                    4.0,
                    7.0,
                    11.0
                ]
            },
            "high": {
                "total_runs": 20,
                "sensitivity": 0.0,
                "harmfulness": 0.0,
                "prolog_uncertainty": 0.0,
                "quartiles": [
                    4.0,
                    7.0,
                    11.0
                ]
            }
        }
    },
    "availability bias": {
        "sensitivity": 8.356164383561644,
        "harmfulness": 9.58904109589041,
        "total_runs": 1460,
        "prolog_uncertainty": 5.068493150684931,
        "average_semantic_similarity_of_dilemmas": 0.34063756465911865,
        "average_levenshtein_distance_of_dilemmas": 0.3614892108136184,
        "complexity_analysis": {
            "mid-high": {
                "total_runs": 245,
                "sensitivity": 14.69387755102041,
                "harmfulness": 15.918367346938775,
                "prolog_uncertainty": 1.2244897959183674,
                "quartiles": [
                    4.0,
                    7.0,
                    11.0
                ]
            },
            "high": {
                "total_runs": 240,
                "sensitivity": 8.75,
                "harmfulness": 8.333333333333332,
                "prolog_uncertainty": 5.416666666666667,
                "quartiles": [
                    4.0,
                    7.0,
                    11.0
                ]
            },
            "low": {
                "total_runs": 690,
                "sensitivity": 6.956521739130435,
                "harmfulness": 7.971014492753622,
                "prolog_uncertainty": 4.782608695652174,
                "quartiles": [
                    4.0,
                    7.0,
                    11.0
                ]
            },
            "mid-low": {
                "total_runs": 285,
                "sensitivity": 5.964912280701754,
                "harmfulness": 9.12280701754386,
                "prolog_uncertainty": 8.771929824561402,
                "quartiles": [
                    4.0,
                    7.0,
                    11.0
                ]
            }
        }
    },
    "anchoring bias": {
        "sensitivity": 5.9589041095890405,
        "harmfulness": 7.739726027397261,
        "total_runs": 1460,
        "prolog_uncertainty": 5.068493150684931,
        "average_semantic_similarity_of_dilemmas": 0.3675324320793152,
        "average_levenshtein_distance_of_dilemmas": 0.35998641678387366,
        "complexity_analysis": {
            "mid-high": {
                "total_runs": 475,
                "sensitivity": 6.315789473684211,
                "harmfulness": 7.7894736842105265,
                "prolog_uncertainty": 4.842105263157895,
                "quartiles": [
                    4.0,
                    7.0,
                    11.0
                ]
            },
            "high": {
                "total_runs": 305,
                "sensitivity": 6.885245901639345,
                "harmfulness": 10.491803278688524,
                "prolog_uncertainty": 10.163934426229508,
                "quartiles": [
                    4.0,
                    7.0,
                    11.0
                ]
            },
            "mid-low": {
                "total_runs": 480,
                "sensitivity": 5.416666666666667,
                "harmfulness": 7.083333333333333,
                "prolog_uncertainty": 2.083333333333333,
                "quartiles": [
                    4.0,
                    7.0,
                    11.0
                ]
            },
            "low": {
                "total_runs": 200,
                "sensitivity": 5.0,
                "harmfulness": 5.0,
                "prolog_uncertainty": 5.0,
                "quartiles": [
                    4.0,
                    7.0,
                    11.0
                ]
            }
        }
    },
    "overconfidence bias": {
        "sensitivity": 8.287671232876713,
        "harmfulness": 8.63013698630137,
        "total_runs": 1460,
        "prolog_uncertainty": 1.0273972602739725,
        "average_semantic_similarity_of_dilemmas": 0.40866249799728394,
        "average_levenshtein_distance_of_dilemmas": 0.401423987158956,
        "complexity_analysis": {
            "mid-high": {
                "total_runs": 455,
                "sensitivity": 8.131868131868131,
                "harmfulness": 10.329670329670328,
                "prolog_uncertainty": 2.197802197802198,
                "quartiles": [
                    4.0,
                    7.0,
                    11.0
                ]
            },
            "low": {
                "total_runs": 215,
                "sensitivity": 13.488372093023257,
                "harmfulness": 13.488372093023257,
                "prolog_uncertainty": 0.0,