{
    "confirmation bias": {
        "sensitivity": 17.02127659574468,
        "harmfulness": 18.256691832532603,
        "total_runs": 1457,
        "prolog_uncertainty": 2.3335621139327385,
        "average_semantic_similarity_of_dilemmas": 0.339088499546051,
        "average_levenshtein_distance_of_dilemmas": 0.37855253717737497,
        "complexity_analysis": {
            "low": {
                "total_runs": 490,
                "sensitivity": 7.142857142857142,
                "harmfulness": 6.938775510204081,
                "prolog_uncertainty": 0.20408163265306123,
                "quartiles": [
                    4.0,
                    7.0,
                    11.0
                ]
            },
            "mid-low": {
                "total_runs": 633,
                "sensitivity": 12.796208530805686,
                "harmfulness": 13.428120063191153,
                "prolog_uncertainty": 1.579778830963665,
                "quartiles": [
                    4.0,
                    7.0,
                    11.0
                ]
            },
            "high": {
                "total_runs": 220,
                "sensitivity": 49.09090909090909,
                "harmfulness": 55.90909090909091,
                "prolog_uncertainty": 9.545454545454547,
                "quartiles": [
                    4.0,
                    7.0,
                    11.0
                ]
            },
            "mid-high": {
                "total_runs": 114,
                "sensitivity": 21.052631578947366,
                "harmfulness": 21.052631578947366,
                "prolog_uncertainty": 1.7543859649122806,
                "quartiles": [
                    4.0,
                    7.0,
                    11.0
                ]
            }
        }
    },
    "hyperbolic discounting": {
        "sensitivity": 27.808219178082194,
        "harmfulness": 28.972602739726028,
        "total_runs": 1460,
        "prolog_uncertainty": 2.945205479452055,
        "average_semantic_similarity_of_dilemmas": 0.3611184060573578,
        "average_levenshtein_distance_of_dilemmas": 0.4041249237062944,
        "complexity_analysis": {
            "low": {
                "total_runs": 1275,
                "sensitivity": 28.313725490196077,
                "harmfulness": 29.80392156862745,
                "prolog_uncertainty": 3.215686274509804,
                "quartiles": [
                    4.0,
                    7.0,
                    11.0
                ]
            },
            "mid-low": {
                "total_runs": 125,
                "sensitivity": 31.2,
                "harmfulness": 30.4,
                "prolog_uncertainty": 0.8,
                "quartiles": [
                    4.0,
                    7.0,
                    11.0
                ]
            },
            "mid-high": {
                "total_runs": 40,
                "sensitivity": 10.0,
                "harmfulness": 7.5,
                "prolog_uncertainty": 2.5,
                "quartiles": [
                    4.0,
                    7.0,
                    11.0
                ]
            },
            "high": {
                "total_runs": 20,
                "sensitivity": 10.0,
                "harmfulness": 10.0,
                "prolog_uncertainty": 0.0,
                "quartiles": [
                    4.0,
                    7.0,
                    11.0
                ]
            }
        }
    },
    "availability bias": {
        "sensitivity": 10.41095890410959,
        "harmfulness": 12.534246575342467,
        "total_runs": 1460,
        "prolog_uncertainty": 3.767123287671233,
        "average_semantic_similarity_of_dilemmas": 0.34063756465911865,
        "average_levenshtein_distance_of_dilemmas": 0.3614892108136184,
        "complexity_analysis": {
            "mid-high": {
                "total_runs": 245,
                "sensitivity": 13.061224489795919,
                "harmfulness": 13.061224489795919,
                "prolog_uncertainty": 0.0,
                "quartiles": [
                    4.0,
                    7.0,
                    11.0
                ]
            },
            "high": {
                "total_runs": 240,
                "sensitivity": 20.416666666666668,
                "harmfulness": 20.833333333333336,
                "prolog_uncertainty": 2.083333333333333,
                "quartiles": [
                    4.0,
                    7.0,
                    11.0
                ]
            },
            "low": {
                "total_runs": 690,
                "sensitivity": 7.536231884057972,
                "harmfulness": 10.434782608695652,
                "prolog_uncertainty": 4.057971014492753,
                "quartiles": [
                    4.0,
                    7.0,
                    11.0
                ]
            },
            "mid-low": {
                "total_runs": 285,
                "sensitivity": 6.666666666666667,
                "harmfulness": 10.175438596491228,
                "prolog_uncertainty": 7.719298245614035,
                "quartiles": [
                    4.0,
                    7.0,
                    11.0
                ]
            }
        }
    },
    "anchoring bias": {
        "sensitivity": 7.9452054794520555,
        "harmfulness": 9.657534246575343,
        "total_runs": 1460,
        "prolog_uncertainty": 2.5342465753424657,
        "average_semantic_similarity_of_dilemmas": 0.3675324320793152,
        "average_levenshtein_distance_of_dilemmas": 0.35998641678387366,
        "complexity_analysis": {
            "mid-high": {
                "total_runs": 475,
                "sensitivity": 7.7894736842105265,
                "harmfulness": 9.68421052631579,
                "prolog_uncertainty": 2.3157894736842106,
                "quartiles": [
                    4.0,
                    7.0,
                    11.0
                ]
            },
            "high": {
                "total_runs": 305,
                "sensitivity": 10.163934426229508,
                "harmfulness": 13.114754098360656,
                "prolog_uncertainty": 2.9508196721311477,
                "quartiles": [
                    4.0,
                    7.0,
                    11.0
                ]
            },
            "mid-low": {
                "total_runs": 480,
                "sensitivity": 6.875000000000001,
                "harmfulness": 8.75,
                "prolog_uncertainty": 1.875,
                "quartiles": [
                    4.0,
                    7.0,
                    11.0
                ]
            },
            "low": {
                "total_runs": 200,
                "sensitivity": 7.5,
                "harmfulness": 6.5,
                "prolog_uncertainty": 4.0,
                "quartiles": [
                    4.0,
                    7.0,
                    11.0
                ]
            }
        }
    },
    "overconfidence bias": {
        "sensitivity": 11.36986301369863,
        "harmfulness": 11.78082191780822,
        "total_runs": 1460,
        "prolog_uncertainty": 1.2328767123287672,
        "average_semantic_similarity_of_dilemmas": 0.40866249799728394,
        "average_levenshtein_distance_of_dilemmas": 0.401423987158956,
        "complexity_analysis": {
            "mid-high": {
                "total_runs": 455,
                "sensitivity": 14.065934065934066,
                "harmfulness": 14.065934065934066,
                "prolog_uncertainty": 0.8791208791208791,
                "quartiles": [
                    4.0,
                    7.0,
                    11.0
                ]
            },
            "low": {
                "total_runs": 215,
                "sensitivity": 11.627906976744185,
                "harmfulness": 13.488372093023257,
                "prolog_uncertainty": 4.651162790697675,