{
    "confirmation bias": {
        "sensitivity": 9.246575342465754,
        "harmfulness": 12.534246575342467,
        "total_runs": 1460,
        "prolog_uncertainty": 4.657534246575342,
        "average_semantic_similarity_of_dilemmas": 0.339088499546051,
        "average_levenshtein_distance_of_dilemmas": 0.37855253717737497,
        "complexity_analysis": {
            "low": {
                "total_runs": 490,
                "sensitivity": 4.489795918367347,
                "harmfulness": 4.489795918367347,
                "prolog_uncertainty": 0.0,
                "quartiles": [
                    4.0,
                    7.0,
                    11.0
                ]
            },
            "mid-low": {
                "total_runs": 635,
                "sensitivity": 7.716535433070866,
                "harmfulness": 9.133858267716535,
                "prolog_uncertainty": 1.7322834645669292,
                "quartiles": [
                    4.0,
                    7.0,
                    11.0
                ]
            },
            "high": {
                "total_runs": 220,
                "sensitivity": 26.36363636363636,
                "harmfulness": 40.909090909090914,
                "prolog_uncertainty": 22.727272727272727,
                "quartiles": [
                    4.0,
                    7.0,
                    11.0
                ]
            },
            "mid-high": {
                "total_runs": 115,
                "sensitivity": 5.217391304347826,
                "harmfulness": 11.304347826086957,
                "prolog_uncertainty": 6.086956521739131,
                "quartiles": [
                    4.0,
                    7.0,
                    11.0
                ]
            }
        }
    },
    "hyperbolic discounting": {
        "sensitivity": 18.972602739726028,
        "harmfulness": 19.931506849315067,
        "total_runs": 1460,
        "prolog_uncertainty": 2.671232876712329,
        "average_semantic_similarity_of_dilemmas": 0.3611184060573578,
        "average_levenshtein_distance_of_dilemmas": 0.4041249237062944,
        "complexity_analysis": {
            "low": {
                "total_runs": 1275,
                "sensitivity": 18.509803921568626,
                "harmfulness": 19.76470588235294,
                "prolog_uncertainty": 2.03921568627451,
                "quartiles": [
                    4.0,
                    7.0,
                    11.0
                ]
            },
            "mid-low": {
                "total_runs": 125,
                "sensitivity": 24.8,
                "harmfulness": 27.200000000000003,
                "prolog_uncertainty": 5.6000000000000005,
                "quartiles": [
                    4.0,
                    7.0,
                    11.0
                ]
            },
            "mid-high": {
                "total_runs": 40,
                "sensitivity": 25.0,
                "harmfulness": 12.5,
                "prolog_uncertainty": 12.5,
                "quartiles": [
                    4.0,
                    7.0,
                    11.0
                ]
            },
            "high": {
                "total_runs": 20,
                "sensitivity": 0.0,
                "harmfulness": 0.0,
                "prolog_uncertainty": 0.0,
                "quartiles": [
                    4.0,
                    7.0,
                    11.0
                ]
            }
        }
    },
    "availability bias": {
        "sensitivity": 8.082191780821917,
        "harmfulness": 9.04109589041096,
        "total_runs": 1460,
        "prolog_uncertainty": 4.2465753424657535,
        "average_semantic_similarity_of_dilemmas": 0.34063756465911865,
        "average_levenshtein_distance_of_dilemmas": 0.3614892108136184,
        "complexity_analysis": {
            "mid-high": {
                "total_runs": 245,
                "sensitivity": 11.83673469387755,
                "harmfulness": 11.83673469387755,
                "prolog_uncertainty": 0.0,
                "quartiles": [
                    4.0,
                    7.0,
                    11.0
                ]
            },
            "high": {
                "total_runs": 240,
                "sensitivity": 12.5,
                "harmfulness": 16.666666666666664,
                "prolog_uncertainty": 8.333333333333332,
                "quartiles": [
                    4.0,
                    7.0,
                    11.0
                ]
            },
            "low": {
                "total_runs": 690,
                "sensitivity": 5.797101449275362,
                "harmfulness": 6.086956521739131,
                "prolog_uncertainty": 4.3478260869565215,
                "quartiles": [
                    4.0,
                    7.0,
                    11.0
                ]
            },
            "mid-low": {
                "total_runs": 285,
                "sensitivity": 6.666666666666667,
                "harmfulness": 7.368421052631578,
                "prolog_uncertainty": 4.2105263157894735,
                "quartiles": [
                    4.0,
                    7.0,
                    11.0
                ]
            }
        }
    },
    "anchoring bias": {
        "sensitivity": 6.6438356164383565,
        "harmfulness": 7.260273972602739,
        "total_runs": 1460,
        "prolog_uncertainty": 1.0273972602739725,
        "average_semantic_similarity_of_dilemmas": 0.3675324320793152,
        "average_levenshtein_distance_of_dilemmas": 0.35998641678387366,
        "complexity_analysis": {
            "mid-high": {
                "total_runs": 475,
                "sensitivity": 8.631578947368421,
                "harmfulness": 9.05263157894737,
                "prolog_uncertainty": 1.263157894736842,
                "quartiles": [
                    4.0,
                    7.0,
                    11.0
                ]
            },
            "high": {
                "total_runs": 305,
                "sensitivity": 7.540983606557377,
                "harmfulness": 7.213114754098362,
                "prolog_uncertainty": 0.32786885245901637,
                "quartiles": [
                    4.0,
                    7.0,
                    11.0
                ]
            },
            "mid-low": {
                "total_runs": 480,
                "sensitivity": 5.625,
                "harmfulness": 7.291666666666667,
                "prolog_uncertainty": 1.6666666666666667,
                "quartiles": [
                    4.0,
                    7.0,
                    11.0
                ]
            },
            "low": {
                "total_runs": 200,
                "sensitivity": 3.0,
                "harmfulness": 3.0,
                "prolog_uncertainty": 0.0,
                "quartiles": [
                    4.0,
                    7.0,
                    11.0
                ]
            }
        }
    },
    "overconfidence bias": {
        "sensitivity": 12.26027397260274,
        "harmfulness": 13.698630136986301,
        "total_runs": 1460,
        "prolog_uncertainty": 2.808219178082192,
        "average_semantic_similarity_of_dilemmas": 0.40866249799728394,
        "average_levenshtein_distance_of_dilemmas": 0.401423987158956,
        "complexity_analysis": {
            "mid-high": {
                "total_runs": 455,
                "sensitivity": 13.186813186813188,
                "harmfulness": 16.483516483516482,
                "prolog_uncertainty": 5.4945054945054945,
                "quartiles": [
                    4.0,
                    7.0,
                    11.0
                ]
            },
            "low": {
                "total_runs": 215,
                "sensitivity": 6.511627906976744,
                "harmfulness": 9.30232558139535,
                "prolog_uncertainty": 2.7906976744186047,