{
    "anchoring bias": 0.6271186440677966,
    "availability bias": 0.6626506024096386,
    "bandwagon effect": 0.9805825242718447,
    "confirmation bias": 0.9444444444444444,
    "framing effect": 0.7786259541984732,
    "hindsight bias": 0.48205128205128206,
    "hyperbolic discounting": 0.9883040935672515,
    "overconfidence bias": 0.9494949494949495
}