{
    "anchoring bias": 0.5555555555555556,
    "availability bias": 0.6379310344827587,
    "bandwagon effect": 0.8390804597701149,
    "confirmation bias": 0.7843137254901961,
    "framing effect": 0.46733668341708545,
    "hindsight bias": 0.5192307692307693,
    "hyperbolic discounting": 0.9795918367346939,
    "overconfidence bias": 0.8181818181818182
}