{
    "anchoring bias": 0.7014925373134329,
    "availability bias": 0.35365853658536583,
    "bandwagon effect": 0.6607142857142857,
    "confirmation bias": 0.935064935064935,
    "framing effect": 0.19369369369369369,
    "hindsight bias": 0.20080321285140562,
    "hyperbolic discounting": 0.9519774011299436,
    "overconfidence bias": 0.5172413793103449
}