{
    "anchoring bias": 0.7333333333333333,
    "availability bias": 0.821917808219178,
    "bandwagon effect": 0.8357487922705314,
    "confirmation bias": 0.9429824561403509,
    "framing effect": 0.7407407407407407,
    "hindsight bias": 0.11564625850340136,
    "hyperbolic discounting": 0.8733705772811918,
    "overconfidence bias": 0.7677725118483413
}