{
    "anchoring bias": 0.8,
    "availability bias": 0.37640449438202245,
    "bandwagon effect": 0.7,
    "confirmation bias": 0.9771863117870723,
    "framing effect": 0.6159600997506235,
    "hindsight bias": 0.36363636363636365,
    "hyperbolic discounting": 0.9779951100244498,
    "overconfidence bias": 0.6357615894039735
}