{
    "anchoring bias": 0.44047619047619047,
    "availability bias": 0.07142857142857142,
    "bandwagon effect": 0.4879518072289157,
    "confirmation bias": 0.7890625,
    "framing effect": 0.5583756345177665,
    "hindsight bias": 0.13368983957219252,
    "hyperbolic discounting": 0.9324324324324325,
    "overconfidence bias": 0.768595041322314
}